id,thumb_kind,captured_at,camera_type,sequence,lat,lon,width,height,face,yaw_deg,pitch_deg,hfov_deg,split
257003783204585,2048,1646590126000,spherical,RweyPzA57nDj6vqY9tSCbi,14.6382752,120.9563533,1024,1024,right,90.0,-10.0,80.0,train
672611542050942,2048,1747271615463,spherical,pexgyUNYnlBoVhK25bX68v,14.577426359804,121.02258981397,1024,1024,left,53.89327832738999,-10.0,80.0,train
1153899245802443,2048,1712476778200,perspective,D4UHL9PNGlwRJgxiQ5k1ef,14.594113923048,120.96796154293,3840,2160,,,,,train
1493672974567169,2048,1712365543400,perspective,6PD3whnijFgEmkt1HlYZzI,14.571216466673,121.01438372817,3840,2160,,,,,train
442218422084174,2048,1712467694200,perspective,WYouK6GV2zb1AdjET3Pfa7,14.586081291661,121.02727770772,3840,2160,,,,,train
1895796840880976,2048,1712647263000,perspective,wNUEMqyJbIAGS1FLKQ0j9c,14.618553036276,121.00346876311,3840,2160,,,,,train
1026468501586313,2048,1646449986790,fisheye,CPq6rOdy9Zj1VIEwD2FSJN,14.584103554453,120.98369778385,3840,2160,,,,,train
681965379681412,2048,1646469564297,fisheye,7MarUDeLOks5dvz8pbWcNo,14.57345012193,120.98425568288,3840,2160,,,,,train
310895257209136,2048,1537775808468,perspective,qdyNVydFQTOBvmXPLZDCzQ,14.591392028873,121.0251699226,4032,2268,,,,,train
1621051368674199,2048,1712461130000,perspective,RIPSopxsNG1EZ5nC7lw6vA,14.564096710473,120.9982102448,3840,2160,,,,,train
873744963354013,2048,1557049621000,perspective,6_trHjY6TPQJpmL2nuiWPg,14.572148899952,121.01240884046,4000,3000,,,,,train
1434886826929428,2048,1646630039798,fisheye,uVWy0g2DCZjcPlL7JtHUSG,14.637279313112,121.01522208372,3840,2160,,,,,train
342039047885183,2048,1646819424000,spherical,vtPkiV4ym81h3QBs2j6SAK,14.56047,121.0204525,1024,1024,left,-90.0,-10.0,80.0,train
587172849197332,2048,1631027961000,spherical,SO1VuAENkX96zaCFvJn3xl,14.586673325415,121.00191252802,1024,1024,forward,0.0,-10.0,80.0,train
398846071751983,2048,1646971250291,fisheye,EjvSJ7XQdYFh8qaAgI2eO4,14.60483336445,121.02589369481,3840,2160,,,,,train
855985856574595,2048,1714924090000,spherical,TdJAzKWZjqhmagI6fY80nV,14.631546892676,120.98063028159,1024,1024,right,151.610432127391,-10.0,80.0,train
443656641618064,2048,1714908671000,spherical,fepTv2CQjAmFRuHYD3ziyl,14.6118076,121.0190041,1024,1024,left,88.52696137816,-10.0,80.0,train
645371946553906,2048,1646793819790,fisheye,JhSz4egdpEDit7b09I83qG,14.56470029081,121.02943564064,3840,2160,,,,,train
641372276955538,2048,1646457958792,fisheye,sih7BNjkST5o4FlQOZ2gUt,14.618495695403,120.9889221104,3840,2160,,,,,train
2222086334810644,2048,1714909021000,spherical,fepTv2CQjAmFRuHYD3ziyl,14.609326677603,121.02047622996,1024,1024,forward,142.72162794354,-10.0,80.0,train
1650110025842159,2048,1715065565000,perspective,sHztMZPcrSDKX3oq0CUw7B,14.635636206466,120.9797257035,3840,2160,,,,,train
1696918657778919,2048,1712469917400,perspective,NGZ4uISVFCKrAO7Ml0t29d,14.574065746817,120.98295261474,3840,2160,,,,,train
758890019567599,2048,1712476218200,perspective,9SfGpYrRWCvaZEcmdDjT3b,14.59094,120.953656,3840,2160,,,,,train
1225749078453207,2048,1714892489000,perspective,t8VcLsJxDdoi1q7aYwUnhz,14.640841280716,121.01946294476,3840,2160,,,,,train
297614408751536,2048,1577013538000,perspective,FJFxR43txtvv4Q_OBF1s_Q,14.58918622816,121.02984140095,4000,3000,,,,,train
2018450801673383,2048,1646531634299,,pxwAE0N6kMhbjiG34zIsBc,,,3840,2160,,,,,train
811218729505467,2048,1556706878000,perspective,c-Yb62kA8tYMKLwDZ2N7kA,14.571570646363,121.0247185892,4000,3000,,,,,train
200840038546909,2048,1581826615023,fisheye,m0hazl4jh98nrxs2zgb6ly,14.638833046235,120.96437476076,3840,2160,,,,,train
171535101702386,2048,1631782520000,spherical,nlBIGRqcVSar2zT7wZ63v1,14.599086317369,120.96328021289,1024,1024,forward,0.0,-10.0,80.0,train
197602665519662,2048,1556707926000,perspective,ElaW0yfjkdSgh2d3lNMC5g,14.570041300655,121.02918961954,4000,3000,,,,,train
862490784661933,2048,1631283376000,spherical,3drVg9YPpkmhEi17HwGlxB,14.592828147777,120.96121159666,1024,1024,right,90.0,-10.0,80.0,train
421905007370169,2048,1712474056000,perspective,tMfCLwK9sbUWOhAYD8VyPB,14.593271780346,120.97440924255,3840,2160,,,,,train
440500148770234,2048,1712560427200,perspective,DVzG8LZXx32Nnur1TCiH5Q,14.605488023232,121.02148278876,3840,2160,,,,,train
384165951317762,2048,1712505864000,spherical,1gsfzATKPJFMLbmVj8CWa7,14.57517660259,121.01250398823,1024,1024,right,285.45715894954003,-10.0,80.0,train
1717358665460974,2048,1712553704600,perspective,tmwnlOeI10BRzAapjMC6bf,14.592413,121.004847,3840,2160,,,,,train
446489367976566,2048,1712627206200,perspective,qZQrBo0GlnibAuEcRhjsK5,14.602856087639,121.00647842661,3840,2160,,,,,train
278981887762464,2048,1646816644000,spherical,VXGkwZdJTiPS3KUlAHef1R,14.569218435717,121.01423889525,1024,1024,forward,0.0,-10.0,80.0,train
954841176129239,2048,1712498294000,spherical,F0v5GjMUbInR7BAJX6gWfQ,14.579581228757,120.97907400286,1024,1024,left,59.47224432594001,-10.0,80.0,train
949200289246179,2048,1535081314489,perspective,xOihMhQCQKyoPfeBLFzJ4w,14.641931731162,120.98364392178,4128,3096,,,,,train
750850670452156,2048,1712470561800,perspective,baQ8qpBMZRoDef6KXEc1Cw,14.58248642782,120.97434159037,3840,2160,,,,,train
1034952424723126,2048,1714903727000,spherical,VS2Zcio1qPFytbkLzHl80J,14.622824422104,120.97828270864,1024,1024,right,122.001783760767,-10.0,80.0,train
380751960391673,2048,1631782278000,spherical,BLtGoO0A2hv1nDP6CUSmlF,14.597159298059,120.95760728443,1024,1024,forward,0.0,-10.0,80.0,train
175972094438210,2048,1581217936523,fisheye,iv3fs1slb0f4f4wwrn4h3b,14.605016992687,120.96302677141,3840,2160,,,,,train
1903081290127709,2048,1712627729600,perspective,oO6uNSp7nAJQjT4YyUXda5,14.600423258154,121.03022070312,3840,2160,,,,,train
510701527248985,2048,1646713183293,fisheye,lwLDE7VWSK2FYGcUHvArmB,14.596486975642,120.99003312999,3840,2160,,,,,train
7887887551250978,2048,1715412269000,spherical,myc68LgRzwWKi4GFoBJH7V,14.640775890647,121.01281657091,1024,1024,right,398.94861056177,-10.0,80.0,train
1115175225716272,2048,1646546779295,,Ct8moZOYrNl6HDxR5wUWJV,,,3840,2160,,,,,train
712889523060912,2048,1646582171000,spherical,qw9TCJjBpai5bWumkKNH3c,14.632580013785,120.97470894862,1024,1024,forward,0.0,-10.0,80.0,train
1240952569672428,2048,1578241429000,perspective,T85naSB_JTDY0jR5941S7g,14.589713473926,120.98415070563,4000,3000,,,,,train
123281916959655,2048,1646651725000,spherical,Gz2NKCBX7Un0bi3PAps8TS,14.570459227758,120.99283588061,1024,1024,forward,0.0,-10.0,80.0,train
463452192802125,2048,1712469876800,perspective,NGZ4uISVFCKrAO7Ml0t29d,14.573355084846,120.98313873232,3840,2160,,,,,train
5222884961112198,2048,1646959741795,fisheye,xuLN9Mg4HGVJhKyoRekYqW,14.605587165976,120.98838108706,3840,2160,,,,,train
1988184434932875,2048,1715163477000,spherical,qNHUjgmoTeinYwQuJA7vx8,14.632347876263,120.99945015206,1024,1024,forward,336.07897538959,-10.0,80.0,train
185611673675409,2048,1631267864000,spherical,VGq7Oxc51QplPIjRnzKvC6,14.616850989141,120.98265243262,1024,1024,forward,0.0,-10.0,80.0,train
5098293706894571,2048,1646539436291,fisheye,R1yXJroiAeCqx9ZLb7H0I5,14.578334583565,120.9980851011,3840,2160,,,,,train
1340491576908914,2048,1715073500000,spherical,3vjIZcUeu8TfD0B4X6KQbd,14.641380119239,120.95714441713,1024,1024,right,404.62836529484,-10.0,80.0,train
523893662463365,2048,1646712986791,fisheye,rDaL6iBjMScoHEAkhsFN9J,14.596001408852,120.98957676615,3840,2160,,,,,train
488499273583840,2048,1714922382000,spherical,Qj1KBq26UawE9CdSotPnXg,14.627981219398,120.97746234997,1024,1024,left,47.382583987450005,-10.0,80.0,train
128167476459790,2048,1646567649000,spherical,GgTAcEyslBJPO1fMVha0RK,14.560226916788,121.01226523674,1024,1024,forward,0.0,-10.0,80.0,train
511365296669272,2048,1581216210523,fisheye,23jlavlxtrlco79wcfvfbp,14.605991161208,120.97482858794,3840,2160,,,,,train
1035477223983602,2048,1646721233297,fisheye,7IGyTBr4qDnhfXPikESsax,14.628071589076,121.02502210351,3840,2160,,,,,train
1146822626442394,2048,1712387959000,perspective,jFSgBWHOpXvkzRTc8uCdQ3,14.55726064767,120.99050247468,3840,2160,,,,,train
550234299878798,2048,1646640287298,fisheye,viCxBJuZQf3Yjczpkwq4X5,14.601321840874,120.99365720126,3840,2160,,,,,train
772767918304284,2048,1712463972200,perspective,PxzMHUbCk07mt48KAnVXJL,14.575250844484,121.0278757261,3840,2160,,,,,train
1884576265350321,2048,1715239272000,spherical,kNCG9D4Uis1Toz6hm80RIt,14.641827163621,121.01667860422,1024,1024,right,99.003269263788,-10.0,80.0,train
456854103702341,2048,1715420160000,spherical,aWHeNzr8GymTuP1LhlMp92,14.639266967199,121.00719589076,1024,1024,left,52.25562475929999,-10.0,80.0,train
1612606669104993,2048,1646482582000,spherical,DQYavMe3GyOUnfCsxT5ZAp,14.62990293309,120.99098541086,1024,1024,forward,0.0,-10.0,80.0,train
819024876782123,2048,1712485013000,spherical,WJmXwKnokYsfNBTj3dEVc7,14.569258305667,121.00053063098,1024,1024,right,247.67690179867,-10.0,80.0,train
153309677144189,2048,1646485140000,spherical,BRCiAD0Irkv4MZo5QN7q8h,14.623555031346,120.99785661016,1024,1024,right,90.0,-10.0,80.0,train
489300956795198,2048,1714976786000,perspective,kxHf6LAmPKqldRvXVcrGpb,14.634345253569,120.97455553165,3840,2160,,,,,train
136652268928668,2048,1646787889800,fisheye,Qloe89VwJAm7Gd6u50LjRX,14.566780355038,121.01258721994,3840,2160,,,,,train
257048049894990,2048,1646784266795,fisheye,SuPsMrtOdRbZ5xWN4TwAkG,14.578273765916,121.00669540746,3840,2160,,,,,train
520514063017547,2048,1646459458799,,DslxF0oagbB8i4Q6ypOc21,,,3840,2160,,,,,train
1689096308289505,2048,1712657911000,spherical,xI9YlwRfJyEzuHipboLZvj,14.603274199972,120.9983895,1024,1024,right,423.02550135386,-10.0,80.0,train
1460294551522874,2048,1715066098000,perspective,LTKZrd2FIAGmtEjJMngBsu,14.637072768916,120.97945998197,3840,2160,,,,,train
759216876370304,2048,1712472575800,perspective,UCwISc8spO2tb56dz7eBar,14.592828986938,120.97691337533,3840,2160,,,,,train
1121728279098377,2048,1714906101000,spherical,ws2MuBr3KdA6Jtk07WYLel,14.614734399304,120.98611280039,1024,1024,right,128.194822573565,-10.0,80.0,train
1595369970831374,2048,1646786123798,fisheye,PBWtMbX7ncF0RJfNKGhHsi,14.568457713094,121.00311400621,3840,2160,,,,,train
159235606470811,2048,1646465536793,fisheye,APzSDg9jrnmMkdsBNw6cq0,14.578147023359,120.9798860749,3840,2160,,,,,train
867295125336113,2048,1714869047000,perspective,d2YR6PtsqabIc1vSHVpx4M,14.600649,120.979637,3840,2160,,,,,train
1032016078302196,2048,1715136106000,perspective,ax2V8oWJhnKcbSsImYZMD0,14.641212135976,120.99721482363,3840,2160,,,,,train
283166680643920,2048,1646474401000,spherical,yCuXgMxYeIoJ21EjdLOFaN,14.610323341523,120.96104990924,1024,1024,left,-90.0,-10.0,80.0,train
305516652598091,2048,1712463033800,perspective,LjF8mQcy2x6iKVRHNGXZgb,14.57017014316,120.9906252998,3840,2160,,,,,train
369961581805735,2048,1646716452800,fisheye,zBMtWGfaTp3EVXcb9oQKil,14.614736820612,121.01694817057,3840,2160,,,,,train
1024803942553833,2048,1714975678000,perspective,nQPuLBS8vwM06Z3iroHXsp,14.628547,120.971743,3840,2160,,,,,train
799122112330181,2048,1714922364000,spherical,Qj1KBq26UawE9CdSotPnXg,14.628467533473,120.97700240853,1024,1024,right,233.89900281655,-10.0,80.0,train
295859242692227,2048,1646643226789,fisheye,6NGSyVK5eRCzQfTiUbaJPx,14.605492672782,121.00074637639,3840,2160,,,,,train
813043834221445,2048,1712543391400,perspective,hta6cEm5C3ReZdJqQ9IBPL,14.579665450513,120.99282019221,3840,2160,,,,,train
488009047140163,2048,1714879495000,perspective,r6VA9djZCqROIGLsonY4y0,14.60997776599,120.98236109697,3840,2160,,,,,train
1040370367662539,2048,1715071238000,spherical,vU49LJZ3a1qQx8N7h0OBjP,14.633187267204,120.96204963382,1024,1024,left,57.40988486404001,-10.0,80.0,train
1147011539772308,2048,1712421211000,spherical,CTjKtrEN4abJYwf0zioxun,14.563968021471,120.99827243295,1024,1024,right,174.82538590921502,-10.0,80.0,train
883447320294610,2048,1714875215000,perspective,hIvHKOAiY73MmpJwoklCag,14.62613507296,121.02389261767,3840,2160,,,,,train
527858012185469,2048,1646789431291,fisheye,Gyvha8ek1q7plts5OLoiBZ,14.564214888011,121.01157019417,3840,2160,,,,,train
1197866977415591,2048,1646534436795,fisheye,vJnifLY0q6k2bOhD4HCo5t,14.610436068538,120.97424282946,3840,2160,,,,,train
1681963419203926,2048,1715063288000,perspective,E7MatHi3rclzoUsqJ4hxIK,14.64175,120.981907,3840,2160,,,,,train
356893423931163,2048,1715167803000,spherical,qnOYfbFHlJmzoZgtNGh7pE,14.637383678141,120.99375117904,1024,1024,left,134.0549631643,-10.0,80.0,train
994869804474525,2048,1646545582291,fisheye,469vSDMcmLtjNBVi2aw3xX,14.610024125942,120.96696842344,3840,2160,,,,,train
1658887601613689,2048,1715065099000,perspective,oEvLuXcHlt5rx14mMOdF9i,14.637953,120.979085,3840,2160,,,,,train
237247508575582,2048,1646790213299,fisheye,kWsmgEyxU0cJzwpPneBqVi,14.561782523751,121.02647181887,3840,2160,,,,,train
143807214843206,2048,1646807414798,fisheye,EvpfNlDSZXYmoAMw9dHnuU,14.586408979494,121.02168517928,3840,2160,,,,,train
496832611463481,2048,1574609625000,perspective,_YqpuTbU1wEqHQybVw67dg,14.589951433358,120.98401082684,4000,3000,,,,,train
249865064851061,2048,1712476194800,perspective,Ik534Gy9Mc6wTOgF8A0nz1,14.590936,120.95367,3840,2160,,,,,train
197290688899868,2048,1581251661000,perspective,cUSZK3FZ0nU3eyxstUKaiA,14.629601991223,120.96388666976,4000,3000,,,,,train
1684306832335885,2048,1712506134000,spherical,AxfkBs0qdY2SgyZRG8KLOw,14.576308919598,121.01732626937,1024,1024,right,131.93701560470998,-10.0,80.0,train
894109318206196,2048,1631185240000,spherical,l7MLHvqOZ3CmkwWV80pyRK,14.624730986194,121.0094874304,1024,1024,right,90.0,-10.0,80.0,train
972193153524181,2048,1557056408000,perspective,Xr-bK9IgPnCR4jCWNk3_FA,14.560737502601,121.02601429052,4000,3000,,,,,train
477616643314196,2048,1581220017023,fisheye,60xbd0h7e4ngaofwxp8213,14.606872148812,120.96974638013,3840,2160,,,,,train
811681510956074,2048,1714906982000,spherical,fHZeVxpPT7oR5KCEStAqiX,14.613786213795,120.97697910634,1024,1024,right,370.35056680993,-10.0,80.0,train
1354706268783026,2048,1714981029000,perspective,mSyPVAp2u1JNjiarMFcq4k,14.626714,120.98382,3840,2160,,,,,train
435489585853691,2048,1712556291200,perspective,2gRpECojmesISUdPxnQNDb,14.598676888084,121.00479541719,3840,2160,,,,,train
456969943508102,2048,1712474033000,perspective,tMfCLwK9sbUWOhAYD8VyPB,14.593114859097,120.97443369561,3840,2160,,,,,train
479319278026797,2048,1715071912000,spherical,hHTI2f9Ey4pRLnrKsoCFdD,14.639158115283,120.95634596695,1024,1024,right,98.2894551343452,-10.0,80.0,train
440414861923662,2048,1712558892800,perspective,gOIMmQkv9ETUdnZbqzW4ua,14.596894987551,121.01575493731,3840,2160,,,,,train
394453539192062,2048,1646807909799,fisheye,CF8kR3qtHsBOXzhSAJMvLd,14.574399167395,121.02810117058,3840,2160,,,,,train
990689869456875,2048,1714985486000,spherical,KeNXi3VY1g6ZGqoms8tIWc,14.625509759514,120.98914136497,1024,1024,forward,0.079312033391943,-10.0,80.0,train
830066962321592,2048,1712473129200,perspective,gwrvAxhmjifKCXS2OybBQW,14.585725789351,121.0119036323,3840,2160,,,,,train
290247939446050,2048,1557049696000,perspective,_Sf1koYF7mnh5zaBWZhpgw,14.571737450906,121.011649222,4000,3000,,,,,train
1005528417646208,2048,1714894268000,perspective,k3lhBQ4c5HyYNqEvwsKRoZ,14.632169883259,120.97976510648,3840,2160,,,,,train
1587305851815210,2048,1715210094000,perspective,NRkHGLS5P79wOnzXF03ICl,14.640708355983,121.0165064326,3840,2160,,,,,train
427279310460551,2048,1715389617000,perspective,hE4NziBl3G2KnJp8RTHMFP,14.641085134847,121.00716294873,3840,2160,,,,,train
112501184231078,2048,1563109854000,perspective,5ILJaYUL4yxdwfc6A4QRhg,14.591055453391,121.00618394487,4000,3000,,,,,train
858214306224441,2048,1715390163000,perspective,oQeXvPDOixmq2CK1yUzB8a,14.640851072486,121.00794287218,3840,2160,,,,,train
1600917824097511,2048,1712462653400,perspective,Ci7jYdyfz1utO5voARVqwT,14.569481259934,120.98444951668,3840,2160,,,,,train
1116982862842128,2048,1712464538000,perspective,t4rLvkchVu658IxisCdynG,14.573146601357,120.98856751954,3840,2160,,,,,train
380075341728745,2048,1712647913800,perspective,P5qiz0IYAt4MjvFyCTrEZw,14.614351519204,120.9933600898,3840,2160,,,,,train
932470504018263,2048,1631272049000,spherical,2GRKTjhPDWs8YVZ1MOx9Nk,14.638945759648,120.97569817907,1024,1024,right,90.0,-10.0,80.0,train
720033105821351,2048,1646727660290,fisheye,6OcRf9ZICSqKnotblAJhHe,14.614129557504,121.01965200162,3840,2160,,,,,train
1370216443358687,2048,1553998749983,perspective,B0C53OpvTy2IPJclDjelAQ,14.585797789589,121.0278263366,4128,3096,,,,,train
4412000128900454,2048,1646476531000,spherical,ZkgrhnzaKB21AfXLSOVRo8,14.629270261564,121.01224576909,1024,1024,forward,0.0,-10.0,80.0,train
2311079955762093,2048,1712582046000,spherical,CiFAKQZ0nWDop4aG2m8zEc,14.590560539488,121.00668575133,1024,1024,left,-0.960540613364998,-10.0,80.0,train
739363911676809,2048,1712463437200,perspective,6H9KJBZjDEzUdwombpelX1,14.570053,120.989653,3840,2160,,,,,train
701338541211116,2048,1646452358295,fisheye,i97sqzakR6vTOtJxwE01LK,14.634213332232,121.00520111567,3840,2160,,,,,train
1979260095609821,2048,1646542820299,fisheye,zJteL0ixra5wPbFH3ZYclB,14.595737728965,120.94976627538,3840,2160,,,,,train
358887406978858,2048,1715169305000,spherical,5T9LpFbGSl7ywukrtiAcCI,14.631167128291,120.99800615438,1024,1024,left,57.54411499483001,-10.0,80.0,train
444522234988636,2048,1715068377000,spherical,9yg1tsA254WJNjiX6MbRKQ,14.641385883877,120.95824747393,1024,1024,forward,226.22335507734,-10.0,80.0,train
408196285559855,2048,1714980526000,perspective,1WBhaz2fqiJZFPxlysNY37,14.637309019093,120.97548186907,3840,2160,,,,,train
1722514694619639,2048,1636462067000,spherical,01kQ2XUH3hxByuAsZNtSpq,14.574125959154,120.99371725924,1024,1024,right,90.0,-10.0,80.0,train
385369913441371,2048,1646666996000,spherical,C3PnqkWaeBNfzM0LtwKujF,14.609762384696,120.99337019311,1024,1024,right,90.0,-10.0,80.0,train
666921214629728,2048,1646539981290,,AXczD971W2eF0i3BmtgILC,,,3840,2160,,,,,train
1007394046536122,2048,1646796063792,fisheye,x1j8AyJKNPgZULf2cIHavB,14.56221183616,121.02263175672,3840,2160,,,,,train
3010067569240812,2048,1631283242000,spherical,3drVg9YPpkmhEi17HwGlxB,14.591236343418,120.96124664395,1024,1024,left,-90.0,-10.0,80.0,train
122911866997360,2048,1646547642297,fisheye,QVgbBNyneh6cofZXOFsHDS,14.619896595184,120.971465099,3840,2160,,,,,train
114793677328882,2048,1534914089351,perspective,FgLGDZEJTw2Hz01WWa0IwA,14.61987340581,121.0173876791,4128,3096,,,,,train
1132571374669231,2048,1715170469000,spherical,LltKpJnyQqSg9PkUdxzf7T,14.628685136254,120.99067566693,1024,1024,left,-72.24329409136101,-10.0,80.0,train
913494654126191,2048,1715093943000,spherical,FHcsGterZ983JnvCISXdqh,14.637134479391,120.98002683076,1024,1024,left,5.858501886919001,-10.0,80.0,train
998268205149004,2048,1712463865000,perspective,fF3pxVv84SKush2PRYTEGM,14.576507998156,121.02776942711,3840,2160,,,,,train
473744915258480,2048,1714957785000,perspective,RgJhiMUwECB2oqlbxpQ8er,14.618886534288,120.98430287497,3840,2160,,,,,train
3411117309034600,2048,1712460920600,perspective,ZUT8h9YELmcpJ7v1fAtVRI,14.565860391089,120.99298597637,3840,2160,,,,,train
169320528782959,2048,1646452441298,fisheye,8UbcX3pzkxNMjlPgqKC1Zn,14.632175514758,121.0006048207,3840,2160,,,,,train
1647889096021844,2048,1712477994600,perspective,tU67FR8W51MBdvCopHmjEn,14.575510749029,121.01694129955,3840,2160,,,,,train
8344373872245965,2048,1712545564400,perspective,eJOxCTUPd3BwuXlb0jGoS2,14.573681226577,121.00364788322,3840,2160,,,,,train
1686677958637989,2048,1747271047730,spherical,pexgyUNYnlBoVhK25bX68v,14.587362932131,121.01486403143,1024,1024,right,155.057142097015,-10.0,80.0,train
945064652855436,2048,1646673336000,spherical,0PNYgBIjvc9UmEbhOG48QF,14.591628700418,120.98658710895,1024,1024,right,90.0,-10.0,80.0,train
569342317517034,2048,1631025713000,spherical,GWay8j6kBINU4OeD5tTL9u,14.599573127414,121.01501924987,1024,1024,forward,0.0,-10.0,80.0,train
1705692709969362,2048,1715157045000,spherical,sgN0zHJZ3pUAwbx4LVOaCP,14.62516422463,121.00289024726,1024,1024,left,51.22465874416,-10.0,80.0,train
112924341361949,2048,1647333592000,spherical,QuDxF7zcjCrSy8E15AXZmT,14.560350714944,121.01280576752,1024,1024,forward,0.0,-10.0,80.0,train
830369124273378,2048,1581824737523,fisheye,vvk73aoezvwwgvbz5i48sq,14.634698767844,120.96368793533,3840,2160,,,,,train
451520981179946,2048,1715130750000,perspective,cIq59CXba2VGKUtdlf3kE0,14.623204010212,120.9982274535,3840,2160,,,,,train
1339884666519030,2048,1646542695295,,LEQ9CXAOFqSjtvdVPRpr2y,,,3840,2160,,,,,train
1191359792305380,2048,1712491835000,spherical,yshgUZnaTkiWxYFQER9tqJ,14.570049042153,120.99006922839,1024,1024,left,169.67752772824002,-10.0,80.0,train
925640181438965,2048,1646562881000,spherical,Evg1ayfUI8NnDz9jlM0BKw,14.61921761756,120.97125284344,1024,1024,right,90.0,-10.0,80.0,train
744365071232265,2048,1712557947400,perspective,c2GWfilMe1t8kujrId4VTY,14.593026599516,121.0226419278,3840,2160,,,,,train
490856188634061,2048,1581225607523,fisheye,9y1hogpfssofc05a5h4c0u,14.642227671046,120.97415151832,3840,2160,,,,,train
507123130813870,2048,1646807390294,fisheye,a71WuwL8kRDNBzSJn3lVpr,14.586112279947,121.02106532799,3840,2160,,,,,train
8379598288734656,2048,1715071146000,spherical,vU49LJZ3a1qQx8N7h0OBjP,14.632040612765,120.96161249044,1024,1024,right,411.90615434897,-10.0,80.0,train
1166987910432038,2048,1540365200992,perspective,kJXapP6UTgGn11dMaPLxnQ,14.578302971619,121.01629208203,3264,2448,,,,,train
345842868517485,2048,1712464812400,perspective,g73wbkYfuhnUAZdJ6qE2pX,14.564993124745,120.99007047236,3840,2160,,,,,train
988085341905346,2048,1646549585298,fisheye,2iWmoQPaXMSEcxZlU8Ghqb,14.641178960389,120.96952637675,3840,2160,,,,,train
311615495379309,2048,1715041452000,perspective,gx0LCFkKpVAniyUPElj19z,14.636321152698,120.96532943662,3840,2160,,,,,train
7889437344455671,2048,1715073474000,spherical,3vjIZcUeu8TfD0B4X6KQbd,14.641501762519,120.95747040475,1024,1024,left,143.79185156181,-10.0,80.0,train
455763622397969,2048,1292067647000,perspective,OTT3ENMJpIiRx9_eMGsgWA,14.580975,120.973315,1600,1200,,,,,train
1300556623799975,2048,1646807205293,fisheye,9YNBPr2MFno7ehitwjy0LS,14.582164074094,121.02088226836,3840,2160,,,,,train
326563237202428,2048,1712555767600,perspective,vF4w9VSQKApa2LGnit8EhB,14.575429594631,121.01387203801,3840,2160,,,,,train
345992947547359,2048,1646732592000,spherical,qrLaWF4V1JdNil5Aw9Cc6R,14.6140143895,121.01162471793,1024,1024,right,90.0,-10.0,80.0,train
1129620721613139,2048,1712473990400,perspective,Z7x2b6HzIoP5TpFmYreWv3,14.592122303307,120.97556567271,3840,2160,,,,,train
1934222993420786,2048,1605776749000,equirectangular,haTMT3uND5MnMMQDsNZAkY,14.589338412573,120.98501780768,1024,1024,forward,0.0,-10.0,80.0,train
1011452086471031,2048,1646445988298,fisheye,Jmx9wrBNLW3QntFXGi2HTg,14.636717510541,120.95709371622,3840,2160,,,,,train
467180595720918,2048,1714987952000,spherical,jkhL2gXrWVxpdHtCoiwE64,14.625345797136,120.97937964064,1024,1024,left,98.90410401904,-10.0,80.0,train
413851398468680,2048,1714876923000,perspective,20MxbvOa4chGrNQ8y1XLoV,14.61806,121.025244,3840,2160,,,,,train
2926824770939365,2048,1607341397000,equirectangular,mwj7CF6SrpB3J0g7pjcvDC,14.595990371069,121.01998590312,1024,1024,forward,0.0,-10.0,80.0,train
1148098789765121,2048,1715094309000,spherical,l5GvYCOm9tScX20rWK7nye,14.635739551341,120.98020752314,1024,1024,right,353.99991012859,-10.0,80.0,train
384703856847220,2048,1646729388000,spherical,QzBKTh0jLi3wyDFukvS4XC,14.627735686761,121.01276696,1024,1024,left,-90.0,-10.0,80.0,train
1032276421628444,2048,1715159357000,spherical,2VLAQ3Ic7EhBNZGlubgKsn,14.623793857858,120.99290318257,1024,1024,left,-46.440408490712,-10.0,80.0,train
1008702584330813,2048,1715065481000,perspective,M1QkVBFYbEZS28Ln5Ulmxs,14.6356,120.980104,3840,2160,,,,,train
1132106907628050,2048,1646807349297,fisheye,NpnSLbyMqB4ZkxfJOr1awU,14.587096829158,121.02108570994,3840,2160,,,,,train
965022291616487,2048,1712547104600,perspective,1UeZsqP8wavxIWDm63oRMJ,14.568309443628,121.00318314019,3840,2160,,,,,train
1102751337471988,2048,1714995472000,spherical,ahbSl9rVZ1DQqs5WGguJ6w,14.614550547506,120.96103621208,1024,1024,right,173.49484755710802,-10.0,80.0,train
2208609859473132,2048,1711244283669,perspective,el5OiHnSA4PydZ3V0k6E2p,14.575566373426,121.01923264557,4032,3024,,,,,train
442292541738542,2048,1712478885600,perspective,A4qFpK6Unazj3ShwE1tXDr,14.560238147357,121.01256770278,3840,2160,,,,,train
1436638913373248,2048,1607086184000,equirectangular,GOdzklqdl0jWEbPPVObUPq,14.639958164157,120.95553929734,1024,1024,right,90.0,-10.0,80.0,train
1027664778104435,2048,1646480375000,spherical,iF78stl1bG9HQXoYyTLg5C,14.641320130349,120.99845161856,1024,1024,left,-90.0,-10.0,80.0,train
901482218664008,2048,1715069517000,perspective,KIhEAlCdwPFvWeBcYO5q0G,14.631787,121.021967,3840,2160,,,,,train
447351671625326,2048,1714877809000,perspective,kz7vIS6l43tEKfJTwZBagH,14.621175386235,121.02559633707,3840,2160,,,,,train
945005779584424,2048,1581824312023,fisheye,gpcfk88d9u3mos0ohsktun,14.626239661192,120.96508436961,3840,2160,,,,,train
366013705943421,2048,1712476862000,perspective,scoLA98WUprMtxHZRCVNbj,14.591098867174,120.97081692683,3840,2160,,,,,train
514991980161549,2048,1646481412000,spherical,yTXZ2uDwxdSVGh3K5HWiq0,14.628655078251,120.99432803973,1024,1024,left,-90.0,-10.0,80.0,train
372186234815953,2048,1646673028000,spherical,0PNYgBIjvc9UmEbhOG48QF,14.596727803514,120.98952931785,1024,1024,forward,0.0,-10.0,80.0,train
1084921849814057,2048,1715210251000,perspective,j4pvTch5gfeatLZNyidbEC,14.632960231309,121.01902760928,3840,2160,,,,,train
379529921786697,2048,1715164871000,spherical,6qZoNhrOCatfwUFLkHJ19e,14.641498977961,120.99956487922,1024,1024,forward,262.45996551371,-10.0,80.0,train
495412309612793,2048,1715063675000,perspective,J5kKCnaVvOAP3wUgbH4zSM,14.640347840621,120.97981632082,3840,2160,,,,,train
1942762769487997,2048,1712585330000,spherical,8ImAkXJQ4xsuER9i6agq2S,14.600845642298,121.00609348174,1024,1024,left,261.83036823325,-10.0,80.0,train
1172895130596294,2048,1715094799000,spherical,FHcsGterZ983JnvCISXdqh,14.636374106438,120.97987998282,1024,1024,left,177.61906323654,-10.0,80.0,train
330345866745759,2048,1712469377400,perspective,sL4fFalObwk6uyz3m7AIGT,14.578700128972,120.97919640634,3840,2160,,,,,train
323811673148822,2048,1646533129793,,HuLDKiUfz8n2VR4lMGJemb,,,3840,2160,,,,,train
356282459887184,2048,1646816854795,fisheye,PD6JtCrkKoaReSXwjFLb7O,14.5733819184,121.0133030051,3840,2160,,,,,train
1157569395487549,2048,1714957706000,perspective,XNlOWpqeYiJdv6mBZgL9kQ,14.613830879941,120.98908692382,3840,2160,,,,,train
763566101021495,2048,1581852840000,perspective,meF7ubF2zHNBmA8o0UE8uQ,14.625625217865,120.96096975836,4000,3000,,,,,train
1044751620575535,2048,1714904655000,spherical,IozUy2la5fHijEXeV3SQ9u,14.62286159244,120.97881070532,1024,1024,left,0.7355042431079966,-10.0,80.0,train
2339244576431998,2048,1714985232000,spherical,KeNXi3VY1g6ZGqoms8tIWc,14.623332493167,120.98914359396,1024,1024,right,237.17511236289,-10.0,80.0,train
3726275521034616,2048,1715238759000,spherical,ZMshIeY9tOKjGJ5VmHxLd8,14.642309871214,121.02515115733,1024,1024,right,343.11430184554,-10.0,80.0,train
427098786861720,2048,1714905583000,spherical,sy8TPpuacR2B6XiH7zJZOC,14.61928815026,121.02564625654,1024,1024,left,90.0,-10.0,80.0,train
446322141559601,2048,1714997530000,spherical,mvynpzZLcE2BxqTXuNPhij,14.625630734507,120.96082922761,1024,1024,right,145.110861053207,-10.0,80.0,train
7781044895286731,2048,1712546893800,perspective,9jZm5g4KhAyIizk3dFpJuP,14.584135534923,120.99712881012,3840,2160,,,,,train
388603886260778,2048,1632323363000,spherical,HGltq0bsnf3XQ4wDpyzod2,14.568314638251,121.02892642094,1024,1024,forward,0.0,-10.0,80.0,train
703612210825708,2048,1646444038294,fisheye,rbV05dCqlFIAU92n1NKPRh,14.586332551629,121.00472468747,3840,2160,,,,,train
477316621601868,2048,1714908953000,spherical,glZXdUpwsVtiJTS5GkFoCf,14.610995154929,121.01910213983,1024,1024,right,243.95889454208,-10.0,80.0,train
984655835776778,2048,1646711169793,fisheye,JsFtMjCqV5an8OXoTKW3DY,14.599289655838,121.0047485964,3840,2160,,,,,train
1051886492207122,2048,1646721205293,fisheye,9NmiDyanBKH3jvo2bqOVFz,14.628699325882,121.02511726551,3840,2160,,,,,train
1396768127449156,2048,1646481470000,spherical,yTXZ2uDwxdSVGh3K5HWiq0,14.62759001551,120.9925661662,1024,1024,right,90.0,-10.0,80.0,train
654042978992107,2048,1646624790798,fisheye,B8lCKsStEpRWUuQMb0wH5a,14.632370086688,121.02078995188,3840,2160,,,,,train
2145947319125002,2048,1714876604000,perspective,kfprcV7PMAwq3lF1Xtymu5,14.606738263288,120.97990418072,3840,2160,,,,,train
1522213698333377,2048,1712465864800,perspective,IF4Sz8w6KL9yVqA3EpW1Ru,14.579829247409,121.02619295755,3840,2160,,,,,train
1160540925185801,2048,1714995158000,spherical,Fz6qQuicJnaeVZbHySYGrN,14.60054829968,120.96545376904,1024,1024,left,134.76921194812,-10.0,80.0,train
101710279168422,2048,1646960464293,fisheye,B3WwRyrvumzpInxCSNdHaF,14.632775449432,121.01920448308,3840,2160,,,,,train
1632337144164759,2048,1715169825000,spherical,XBNkyraYox35K0zFRdwZbf,14.63216180034,120.99261664927,1024,1024,right,377.41910899049,-10.0,80.0,train
357796669611338,2048,1646705056793,fisheye,zVue1CoH9YIZlwpWNMFkqm,14.605733477312,121.00716029593,3840,2160,,,,,train
363604920041860,2048,1712473450600,perspective,AenmfoXjhkNTyPZtu7VRl4,14.592042920046,120.97365425944,3840,2160,,,,,train
8046547058697931,2048,1712624707800,perspective,B2OiXe6cqbdA8rFl5U9JEz,14.609664610593,121.02962311397,3840,2160,,,,,train
141276998386894,2048,1646483072000,spherical,xc6y59HDkjOIqrJ0BmF81Q,14.618970857095,120.99811256881,1024,1024,left,-90.0,-10.0,80.0,train
422950837291557,2048,1712642776600,perspective,pEqWhjZ7Ns0RG8CMl69tI1,14.604271675128,121.01172764548,3840,2160,,,,,train
1010117103269690,2048,1646455682800,,odXcPfDKNw2WVbsy4L89Tk,,,3840,2160,,,,,train
520065746368924,2048,1646473777000,spherical,VRTqHrO4FxbsyJSCQZBDti,14.581759605919,120.98351448527,1024,1024,left,-90.0,-10.0,80.0,train
8031646680207120,2048,1714878834000,perspective,Yoiml0x3ab6RBXvqcE5Suz,14.61328007388,121.0246251305,3840,2160,,,,,train
337627425065190,2048,1646470918291,,eNbB13jtcP8wSInlEq6vW4,,,3840,2160,,,,,train
511858580514484,2048,1646783063790,fisheye,mRicAY4VdFsGzCgj6MtKJL,14.609876089395,120.96712771939,3840,2160,,,,,train
1259915552051021,2048,1714873135000,perspective,n3FO9BK4cUkosJmwlPh6a7,14.616716063174,120.98373828745,3840,2160,,,,,train
530696907944245,2048,1563105268000,perspective,RSgi7vgp1xHDHFXi49V9lw,14.587717780442,120.96961394221,4000,3000,,,,,train
830339894314314,2048,1632499251000,perspective,HXTb1isrNx0m8IQCYLh4SD,14.570157288924,121.02489100424,4608,2592,,,,,train
300310036486754,2048,1712622631000,,l091Mho6afps5deirwJDA2,,,3840,2160,,,,,train
4413318682070957,2048,1631186847000,spherical,MQozDGTIuEVqxPpHW95jvc,14.610059232558,120.99314859685,1024,1024,forward,0.0,-10.0,80.0,train
1165849341251199,2048,1714879941000,perspective,KiyPuml8gOM4CY3ADwNIQr,14.613285900723,121.01706948802,3840,2160,,,,,train
350301743546644,2048,1646490828000,spherical,qQ35w2ZgdbzchGiAeSLJW8,14.628421721993,120.98373715507,1024,1024,left,-90.0,-10.0,80.0,train
405883505803544,2048,1715160139000,spherical,2VLAQ3Ic7EhBNZGlubgKsn,14.624187904451,120.99351565964,1024,1024,left,45.55889632793,-10.0,80.0,train
998519751619286,2048,1712475763000,perspective,f1Uyrw4lzBSieYKMo3akvj,14.591025021382,120.96129149246,3840,2160,,,,,train
724611575314621,2048,1646484160000,spherical,EuLV0DnWRM5qXjoiUAg8aP,14.618615507386,120.99375993819,1024,1024,left,-90.0,-10.0,80.0,train
468457275818642,2048,1715008093000,fisheye,j6Ugq9BomYZnwRChFuSHOJ,14.641313272814,120.9686236998,2704,2028,,,,,train
918789005353239,2048,1563104670000,perspective,sQHcgNf0vF8mVxmvDZ7c-w,14.582333236376,120.97426245168,4000,3000,,,,,train
1055002588387316,2048,1646446011791,fisheye,WUnurI3ve2dsLw9zMXhcJm,14.638384326578,120.95656493201,3840,2160,,,,,train
729516604846449,2048,1646446409792,fisheye,hNfuKgxAmOlPwCaLGZ4iJB,14.596335039784,120.98032861544,3840,2160,,,,,train
477438434637126,2048,1712546928800,perspective,ler9pK3zcWHAkxTaSGYQMh,14.568904017023,121.0031479134,3840,2160,,,,,train
367484375273004,2048,1646629809791,fisheye,U35OrK9kcvhIiHnbBwLTqm,14.636389832548,121.01244633347,3840,2160,,,,,train
2559011930975174,2048,1714903939000,spherical,6qIuTYMm2x49Q8wXyrf0bz,14.623833290541,121.02366168939,1024,1024,left,239.85535771395,-10.0,80.0,train
501032739140108,2048,1714881055000,perspective,xYldpR3cIPmaKZ09MQ7FyS,14.62803,121.017259,3840,2160,,,,,train
335680901954490,2048,1646470597799,fisheye,joQk7wGmXvHJrIpT8FcbOh,14.610094012234,120.98136136956,3840,2160,,,,,train
353039943546432,2048,1646531264800,fisheye,hBuNCnZeiYPTpgcyQAI9Jf,14.55676445978,121.00696446221,3840,2160,,,,,train
1002118188053970,2048,1714894706000,perspective,XAw76sH1IPlyMuhepaqUDO,14.632189672274,121.01531656279,3840,2160,,,,,train
409482495284502,2048,1712470576200,perspective,LD5jWNS7pbUFwQq0MtrHRi,14.58190920793,120.97385253511,3840,2160,,,,,train
296167389344930,2048,1646462898298,fisheye,5LerscUhXIO8PpD2i4zHvg,14.594669006424,120.96906564007,3840,2160,,,,,train
447501090506680,2048,1646457481797,fisheye,qcG9HprYMzmKl1Nu48UADa,14.574220587122,120.99368227459,3840,2160,,,,,train
309100102237193,2048,1712560798400,perspective,rADzhqPN0SVBWwgTjkH4lE,14.602673209517,121.02128255542,3840,2160,,,,,train
358383719391788,2048,1631027821000,spherical,SO1VuAENkX96zaCFvJn3xl,14.589201135708,121.00175775667,1024,1024,forward,0.0,-10.0,80.0,train
1269205350577908,2048,1712550525000,perspective,SfJjx0ZMdOkarnpFEeIQw3,14.573838,121.00372,3840,2160,,,,,train
1504917963569922,2048,1712503502000,spherical,tTsp9afWYN2XJbkqy0VdEB,14.582939375721,121.01362883952,1024,1024,right,274.61851704258004,-10.0,80.0,train
5124908587599171,2048,1646639713794,fisheye,eY0mkCEZgBJ5tTDqw7GSvQ,14.605509824669,120.99059346986,3840,2160,,,,,train
1509504139920472,2048,1715132750000,perspective,aOemBVbUK7qfMjciprhD9x,14.622793944426,121.00200908194,3840,2160,,,,,train
1170575517308237,2048,1715000803000,spherical,cW5H8UVeIapbT2CEOS1dqJ,14.621354803049,120.96992398854,1024,1024,forward,118.03023011143,-10.0,80.0,train
364906066388447,2048,1715130205000,perspective,BLpEjyQT5r8CcwdzNAZMqD,14.622109801105,120.99360342157,3840,2160,,,,,train
775336391377242,2048,1715073500000,spherical,AUcRehxVP8ioEQ6lm1sHFw,14.641380125185,120.95714440679,1024,1024,right,404.62836529484,-10.0,80.0,train
3172955752973134,2048,1646709824294,fisheye,jTryvYSneCckW0z6iQPK5N,14.598993788941,120.99769187865,3840,2160,,,,,train
763989515931449,2048,1714987382000,spherical,Jh1GqYpIl0EDa5P4dZFUeV,14.627523976766,120.98508182046,1024,1024,forward,0.41004247998234,-10.0,80.0,train
1148478239254577,2048,1646461639295,,l126c8xwnAVSMdibJKOLXI,,,3840,2160,,,,,train
494115250018586,2048,1715391145000,perspective,nBaHULjfGqK6s7NAJYWprh,14.64225800047,121.01071100443,3840,2160,,,,,train
373243747822788,2048,1646727540000,spherical,74UitExGQgj19AYPTeZ65C,14.640989599972,121.0209806,1024,1024,left,-90.0,-10.0,80.0,train
1453963958409268,2048,1646531228294,fisheye,CpOyS3tcrI4w8fsFqKbuEL,14.556524231159,121.00657596744,3840,2160,,,,,train
1188048378884819,2048,1715153706000,perspective,pz5LbIYNhiEwt1BAV4K3ec,14.641060179604,120.97981224598,3840,2160,,,,,train
397842686638431,2048,1715170173000,spherical,XBNkyraYox35K0zFRdwZbf,14.628753636747,120.99268591735,1024,1024,left,196.21564190344,-10.0,80.0,train
997582548324427,2048,1715071424000,spherical,hHTI2f9Ey4pRLnrKsoCFdD,14.62980254582,120.96129191789,1024,1024,forward,135.945039342,-10.0,80.0,train
3539931039485763,2048,1714908629000,spherical,glZXdUpwsVtiJTS5GkFoCf,14.6146296245,121.01974679728,1024,1024,left,98.75271098659,-10.0,80.0,train
858655956287853,2048,1712561609600,perspective,bYk9dOG6hUwpqcJFWmTAza,14.602200912992,121.02707940921,3840,2160,,,,,train
1511766476362754,2048,1712473487400,perspective,9PB51Hf6S3wcgVNZhinFQ2,14.592286985656,120.97378757182,3840,2160,,,,,train
855128182748866,2048,1714875185000,perspective,BcyK7x6mrDQGM4IR8gXjTd,14.625856,121.022955,3840,2160,,,,,train
472225144644665,2048,1646960297296,fisheye,KfuGPAgT9thOWvsk0zRZeS,14.622940358953,121.00753796732,3840,2160,,,,,train
1345002332647125,2048,1646477524000,spherical,9sxw2p3PiWoBG5ASdRVq1U,14.641022279846,121.00312933038,1024,1024,left,-90.0,-10.0,80.0,train
891866941422245,2048,1631187500000,spherical,5IN4y1Vip0bUMX6xlZJYTG,14.614352388884,120.99802736865,1024,1024,forward,0.0,-10.0,80.0,train
2014166952359872,2048,1714999506000,spherical,QcPubFLzIROqlECZp5eYaH,14.619409830008,120.96864744114,1024,1024,left,-81.4916145082573,-10.0,80.0,train
390602529589082,2048,1646668254000,spherical,AHDgcUGsjwCnKyhrJd1XFu,14.604989202895,120.99318189897,1024,1024,right,90.0,-10.0,80.0,train
1013064539621603,2048,1646535281298,fisheye,0Ow9eyAVSCMkEzNnjqfI73,14.561113064488,120.98653449176,3840,2160,,,,,train
1046087103528933,2048,1715125533000,perspective,j73Mz5WT8nXutZmHo9YGri,14.629467418036,121.00679051101,3840,2160,,,,,train
1644122156433583,2048,1714876585000,perspective,n4AIUapfJ81okgteKYDmcR,14.606687489675,120.9804987989,3840,2160,,,,,train
1473783493345069,2048,1712676736000,spherical,IrL5uWwZXeHpiGjdBS63l1,14.614107079826,120.99318890628,1024,1024,left,104.16640262354,-10.0,80.0,train
760868502529222,2048,1712561704800,perspective,slZJzGN2Wh17nBDIRgPtcM,14.601168808408,121.02527447327,3840,2160,,,,,train
1420874799309631,2048,1714903347000,spherical,VS2Zcio1qPFytbkLzHl80J,14.619276726155,120.9829519752,1024,1024,right,179.198588662644,-10.0,80.0,train
313961907503842,2048,1646555189291,fisheye,xCiXfun3NoV5ErzZWHRs9l,14.641768324973,120.95860636054,3840,2160,,,,,train
416169167965777,2048,1712561699000,perspective,slZJzGN2Wh17nBDIRgPtcM,14.601177350787,121.0252822911,3840,2160,,,,,train
670680287592408,2048,1646486566000,spherical,Q6gH5XE4aybBRPwNiW9qlr,14.623512428044,120.98451720056,1024,1024,right,90.0,-10.0,80.0,train
475043237089074,2048,1557049228000,perspective,b9IJ_07GpkVN6Oyd89T_aw,14.566589872657,121.01304153146,4000,3000,,,,,train
1007649264397218,2048,1715153522000,spherical,kexN61Urm49qzEatRGgBAC,14.628648215535,121.01267125389,1024,1024,forward,124.56588071173,-10.0,80.0,train
366635633023593,2048,1715165563000,spherical,DxGQ6iZJNgYOkWmKhdLw3j,14.638946093787,120.99758992249,1024,1024,left,81.87584889051999,-10.0,80.0,train
801821917397927,2048,1581820446523,fisheye,ku10t38w576qwm3em12o2m,14.622413870698,120.98464498195,3840,2160,,,,,train
305790288291803,2048,1646629718796,fisheye,tT420ISJCVPBvbM9EL7HQk,14.636862953064,121.01206371243,3840,2160,,,,,train
419775877576438,2048,1712476087400,perspective,ZQjUVmMJxoChOcRBrky3Kl,14.593067391356,120.95639720431,3840,2160,,,,,train
988545532646277,2048,1714983160000,spherical,ozabvZ7BqxDN2mIPlwASFL,14.618677247639,120.99380557031,1024,1024,forward,61.873547156308,-10.0,80.0,train
907983203094949,2048,1556705010000,perspective,f_0DXN7wSF5Q6dO7bSQyiQ,14.569713578334,121.0211753762,4000,3000,,,,,train
310100484545821,2048,1647071645000,spherical,YMDpE15hOPGA328WwyiK4B,14.628024539673,121.01308404828,1024,1024,right,90.0,-10.0,80.0,train
474495821920158,2048,1712505848000,spherical,AxfkBs0qdY2SgyZRG8KLOw,14.575216775224,121.01254637518,1024,1024,left,142.11256361291,-10.0,80.0,train
777421011124855,2048,1712538433200,perspective,YiM5dq6aR3BJxSfILTUklK,14.583741551496,120.98917094012,3840,2160,,,,,train
665638224703007,2048,1646477158000,spherical,9sxw2p3PiWoBG5ASdRVq1U,14.628201746731,121.00699467223,1024,1024,right,90.0,-10.0,80.0,train
675177153908132,2048,1646743309295,fisheye,fWyKzU021SkbpAdDxCR96E,14.609304590807,120.96124992739,3840,2160,,,,,train
1652859901755613,2048,1646644956294,fisheye,UOW302waiFgENB5jX7QJRL,14.583691566975,120.98695149529,3840,2160,,,,,train
895123202636796,2048,1714870255000,perspective,6f5IWJznKywB2TZ0vHaesL,14.59500282217,120.97932435852,3840,2160,,,,,train
1913820922159793,2048,1646493968000,spherical,58UY03S29HKVIbOGoel4jZ,14.632271148086,120.97467557005,1024,1024,forward,0.0,-10.0,80.0,train
3121488654732291,2048,1646459794290,fisheye,5qSY0NBpinWvfMT6A7KJeO,14.604939298732,120.98285469963,3840,2160,,,,,train
647844536320601,2048,1646557307000,spherical,Qe4wsm9oDLx8NdTOuiYV6H,14.599839727465,120.96497647438,1024,1024,right,90.0,-10.0,80.0,train
952944505485986,2048,1534914140560,perspective,FgLGDZEJTw2Hz01WWa0IwA,14.61969980667,121.01749347248,4128,3096,,,,,train
966988715090761,2048,1712642571000,perspective,k0ZpVIg8HBolSy9NiQwhjc,14.610074789629,121.00451203323,3840,2160,,,,,train
2767347533562202,2048,1646793174294,fisheye,mwFBGpsj84vhtf2OYTyaUA,14.568617396088,121.02426026105,3840,2160,,,,,train
386910286320332,2048,1646732924000,spherical,qrLaWF4V1JdNil5Aw9Cc6R,14.618349597345,121.00901675024,1024,1024,right,90.0,-10.0,80.0,train
2263997027273552,2048,1715170581000,spherical,yOVNBDsmqW0YFdAof2CJnx,14.636536206693,120.99327427043,1024,1024,right,105.96597879679,-10.0,80.0,train
294455692817841,2048,1646470011793,fisheye,alFfUvwHT7ruYdJZMEC0OR,14.613394356549,120.98446029497,3840,2160,,,,,train
781197164203750,2048,1715042928000,perspective,umPwCJdWs6AtHFQZXqT3D0,14.630923822978,120.95906423507,3840,2160,,,,,train
111028634893064,2048,1646501486000,spherical,k1EA0QMafBnCoKYJLqGbHZ,14.599930796289,120.97921524952,1024,1024,left,-90.0,-10.0,80.0,val
454147483161290,2048,1646469167294,fisheye,pxS6HVE49IhvmJ8MKGoDTC,14.606175410375,120.97496116299,3840,2160,,,,,val
2202245096784332,2048,1712247814000,spherical,H46yaBdblOX7YQVoujnPLK,14.556864042237,121.02141455053,1024,1024,right,299.44894229371,-10.0,80.0,val
1146163062553013,2048,1563111369000,perspective,Tr3_eHFpAZvKjOoITHfapg,14.592022110129,121.01406434084,4000,3000,,,,,val
360771812640716,2048,1646461415299,,QPJZH2Su4LAkOcepB1K9tn,,,3840,2160,,,,,val
1199692161189229,2048,1714955944000,perspective,BJV5hCDAipuNG1qM98OmbR,14.613973575521,120.99296284999,3840,2160,,,,,val
1124847108739725,2048,1712669244000,spherical,ePulTjko9M37OIzfDX8Rns,14.605650813093,121.00716916445,1024,1024,forward,34.33314691382,-10.0,80.0,val
804745461236572,2048,1712539066000,perspective,btLEJAgIwxkNKOUR21SdTX,14.559816091477,121.0112102157,3840,2160,,,,,val
925330041597881,2048,1563103270000,perspective,4Sh0IFCyHHwEI52_oHZjtQ,14.578987157543,120.99738910608,4000,3000,,,,,val
2401586396694166,2048,1712627781400,perspective,uw9DAfjmtI6x5HPWapE4o7,14.601365791334,121.02988429733,3840,2160,,,,,val
837789018377434,2048,1712476150800,perspective,1boUSk6QEKB7TvfsHhMcOP,14.591084295406,120.95410530799,3840,2160,,,,,val
556278612004650,2048,1581211490523,fisheye,3fmxrwlwbjgx11zicgxgx9,14.601706767959,121.00151588788,3840,2160,,,,,val
398156665472428,2048,1646783551299,fisheye,FrtjKOkd3h4leqICY8yAXG,14.6101540202,120.96921999886,3840,2160,,,,,val
988347918469335,2048,1646546868799,fisheye,LuWT2VBYMig3PapbRQ8tcj,14.627525985864,120.96188842506,3840,2160,,,,,val
2180224705680119,2048,1714919204000,spherical,LzXEePFv6UDZct1OIs9WjA,14.642250760843,121.02108762333,1024,1024,forward,333.63548012156,-10.0,80.0,val
514717509700045,2048,1581217744523,fisheye,0jm5hf68d55oid0yxh4syc,14.601893740683,120.96453316471,3840,2160,,,,,val
817233212511393,2048,1556706238000,perspective,aDvFr9ROtpT9RtP54QY6BA,14.569095887614,121.02648881973,4000,3000,,,,,val
1495019374760670,2048,1712556385600,perspective,MbjNzG2yUEhXeB5scxu1qm,14.600796392594,121.00622533672,3840,2160,,,,,val
1051356392119951,2048,1646821020000,spherical,vZtJBCyVlUHfqmk5n3IoOF,14.558339376488,121.0220623135,1024,1024,right,90.0,-10.0,80.0,val
1160904441867717,2048,1715153324000,spherical,dG0kgXVpQByfv18t7U5oqE,14.628740494307,121.0118511275,1024,1024,left,180.0,-10.0,80.0,val
252296537116862,2048,1646534068299,,Z4aiQ32zNLWJXUkoFcjuH5,,,3840,2160,,,,,val
357413199394957,2048,1629381650000,spherical,UpwqvR0DQlreOXmxAG8IsC,14.600014794095,120.96389901256,1024,1024,left,-90.0,-10.0,80.0,val
1359375734446227,2048,1563105008000,perspective,WqrnPUeHWWUmqyRXg6jPaQ,14.590179514282,120.96992116976,4000,3000,,,,,val
284244170027072,2048,1581249604000,perspective,42Ap0m2Uymatsa1l9R2sTw,14.618578166037,120.96529790359,4000,3000,,,,,val
431250679848953,2048,1712577150000,spherical,QwfhHNMC1tKeBY3q0zsAWJ,14.5871396,120.9937208,1024,1024,left,86.82549741076,-10.0,80.0,val
1439312630307276,2048,1712577482000,spherical,QwfhHNMC1tKeBY3q0zsAWJ,14.592669637237,121.00113108779,1024,1024,forward,24.741631215235,-10.0,80.0,val
4094913850546107,2048,1581214036523,fisheye,28qhqn1mnozv6r89i1n26u,14.601221460796,120.97604471627,3840,2160,,,,,val
755711911784581,2048,1607088124000,equirectangular,I1AGzf00ko1C1VbIoYnyk5,14.586532737355,120.97332300126,1024,1024,left,-90.0,-10.0,80.0,val
292806353858866,2048,1714888521000,perspective,X2dwHmh4ZV7iI5GnD9TxPp,14.599124984517,120.96538206789,3840,2160,,,,,val
323160887473475,2048,1712587618000,spherical,Rq31Y0A8vWuOLKTDNBehUz,14.591326699972,121.0218353,1024,1024,right,360.0,-10.0,80.0,val
518367499845980,2048,1646824993000,spherical,JMYwtlvVbf0qAUp1adgTrk,14.564165720565,121.01679655903,1024,1024,left,-90.0,-10.0,80.0,val
1834658883705814,2048,1712587674000,spherical,Rq31Y0A8vWuOLKTDNBehUz,14.591339599972,121.0218229,1024,1024,forward,90.0,-10.0,80.0,val
971923551305054,2048,1715167899000,spherical,Z63IDnbkJ4XGqpOihergNQ,14.631029121767,120.99137617428,1024,1024,right,287.31092820157,-10.0,80.0,val
473603701730750,2048,1714922120000,spherical,ZN2D0Yop5V6Ecuy4iK8B1x,14.6312347083,120.97448143524,1024,1024,forward,10.295727132007,-10.0,80.0,val
510300234773218,2048,1714971384000,perspective,wWJDaQdSG5Nb0rkZL4F6tf,14.611184739934,120.96477826864,3840,2160,,,,,val
2217506981751874,2048,1646624385291,fisheye,SrxA2UwaFvd4KMGf1X9co6,14.632287641496,121.02072055177,3840,2160,,,,,val
465132305977390,2048,1712625805400,perspective,ACxdjiOcyZ8RQlYgHz53T1,14.602577987272,120.99302816559,3840,2160,,,,,val
683675456177847,2048,1646726810000,spherical,vUWxAJ9NB5q2jwX0rdetaY,14.629481218421,120.99095095664,1024,1024,forward,0.0,-10.0,80.0,val
1606460013437475,2048,1712394175000,spherical,aI4TYSRpEJyPvNDlc1AZUh,14.567731073641,121.01260125639,1024,1024,forward,347.50524996673,-10.0,80.0,val
137332258858547,2048,1646724071291,fisheye,HPoYXqFWjtasEhln2NgQZO,14.621669776545,121.02365283724,3840,2160,,,,,val
585288659333631,2048,1631782956000,spherical,zhbWtDxEFJi4YMfnNc0sa8,14.60015824469,120.96230458219,1024,1024,forward,0.0,-10.0,80.0,test
1528407441045146,2048,1712642634400,perspective,0iXFRvUO3zVpE6Zf8GWnyw,14.608812345793,121.0060441034,3840,2160,,,,,test
685853876062689,2048,1646653709000,spherical,Zf5RUSdagzTsKhArWeblVI,14.557859454212,120.99349190308,1024,1024,left,-90.0,-10.0,80.0,test
8014995798512811,2048,1712476585600,perspective,KtAX7d9zhgi0vHfD1p3rsP,14.594294710485,120.96069962056,3840,2160,,,,,test
113827037937507,2048,1646497284000,spherical,MWULKYXqR9QuJa6P5D2TSr,14.609142058154,120.98230525653,1024,1024,right,90.0,-10.0,80.0,test
940826071058748,2048,1714979682000,spherical,0LMcRUexa61BYZPFyKiw3f,14.619011165891,121.0028984703,1024,1024,forward,225.00045596024,-10.0,80.0,test
780104747432969,2048,1712561674000,perspective,AXdCHmSh5DIioZ1lBLFqzn,14.601281382069,121.02619897596,3840,2160,,,,,test
25394151270232937,2048,1712387048600,perspective,P9uvJSYf7UdGZD1IgRao4N,14.556510303638,120.9843843839,3840,2160,,,,,test
1682925232453474,2048,1712479053800,perspective,m0xFjozU9uLZvgbWHpYNOq,14.569713981748,121.01062733987,3840,2160,,,,,test
505569861073069,2048,1646498588000,spherical,CliQJ042LvTj9nyYXpKqho,14.608635901114,120.9859873747,1024,1024,forward,0.0,-10.0,80.0,test
466810447702023,2048,1631702596000,spherical,GWOwCAQjT0mbn61dgSJYy2,14.582912329897,121.02491749054,1024,1024,right,90.0,-10.0,80.0,test
368980207883976,2048,1563114514000,perspective,nFTtxHqfvQ5O1oqJhbfD8Q,14.600768772689,121.01135932706,4000,3000,,,,,test
4229971933751106,2048,1629371010000,spherical,plQJsBDyievaE1NCRTY3h7,14.610555182284,120.96100760452,1024,1024,forward,0.0,-10.0,80.0,test
1657409448393986,2048,1714997518000,spherical,fdBtPzYGoZyap52Hk3VcIC,14.625511118774,120.96062746648,1024,1024,right,142.22014747961,-10.0,80.0,test
1696269941126084,2048,1714892444000,perspective,GsTUEPKd0JoQ5xiD9pVLtR,14.641822,121.023518,3840,2160,,,,,test
326864123616463,2048,1712557297200,perspective,wFcuzGhqSUTevCj2JK1VWl,14.600006966676,121.0093778937,3840,2160,,,,,test
370927805974765,2048,1712465454600,perspective,fWSRQ09oJAEB2b53kMPDvs,14.569682853762,120.9890210361,3840,2160,,,,,test
781142054232112,2048,1714913547000,spherical,f9SkhFbECqx07TZzePn3MO,14.596485703252,120.97086699114,1024,1024,left,187.25849745362,-10.0,80.0,test
506069810898670,2048,1646528949791,fisheye,dIJMctxB2oFvPUu6TRyA1E,14.556939634306,120.99643306912,3840,2160,,,,,test
1284222376294642,2048,1715041703000,perspective,0ishYmRtO2FHDgbN3lWfCM,14.632920533737,120.96418379831,3840,2160,,,,,test
721286135577359,2048,1647042512791,fisheye,8pxYIeykW6ONnaj0sBQZqg,14.618662273935,121.00276008372,3840,2160,,,,,test
993309852459219,2048,1712583110000,spherical,xlhuXSEaAgKvqkzwb5NPRd,14.592473999972,121.0049156,1024,1024,forward,51.683761345209,-10.0,80.0,test
885662872335348,2048,1631702488000,spherical,GWOwCAQjT0mbn61dgSJYy2,14.582401956593,121.02506705655,1024,1024,forward,0.0,-10.0,80.0,test
1622030605227702,2048,1714997402000,spherical,fdBtPzYGoZyap52Hk3VcIC,14.623543966962,120.96104714595,1024,1024,forward,330.05611417568,-10.0,80.0,test
657926688846248,2048,1646464378797,fisheye,fo8y6eGsnZFX9qdlMOVb1k,14.585801262459,120.9738507863,3840,2160,,,,,test
26374802832118691,2048,1712504807000,spherical,uoA2KpZH4Gags7I5dJwLcF,14.59337000111,120.95905546176,1024,1024,left,-52.565244451182,-10.0,80.0,test
897040620921114,2048,1629293295000,spherical,ifRjUZmNlpEAMLXHJIv9Y1,14.60468927925,120.96132452199,1024,1024,forward,0.0,-10.0,80.0,test
1605615903139946,2048,1646453234290,fisheye,Y5FVMbzGRfyvqiKpPdr2Z1,14.578401542643,120.99396625555,3840,2160,,,,,test
2163620007352261,2048,1712469369000,perspective,PikvChYgOe34KSVuItQAFN,14.592532254651,121.02943900349,3840,2160,,,,,test
505269104512103,2048,1646529419293,fisheye,I8N3PBz6JV2uWw07xKYdET,14.596626000118,120.96887070991,3840,2160,,,,,test
3058022341179184,2048,1646653631000,spherical,Zf5RUSdagzTsKhArWeblVI,14.560992614065,120.99256101179,1024,1024,left,-90.0,-10.0,80.0,test
911636624065350,2048,1712504969000,spherical,VzIcuKTgZSHraD0Ovjlp28,14.591087985224,120.95407577691,1024,1024,forward,0.0,-10.0,80.0,test
398962303195191,2048,1715140704000,perspective,ZFuEM3QS57VgnmqaWepIk2,14.631601720031,120.99533415342,3840,2160,,,,,test
395485129070043,2048,1646698016800,fisheye,bQ9iUIcJK7RhsTdFLlyekC,14.630031035447,120.99113178767,3840,2160,,,,,test
969129934590223,2048,1712623022600,perspective,dWcR5Syj4P6U8tnQoupVrz,14.60922868902,121.02487280474,3840,2160,,,,,test
8015965598455440,2048,1715070140000,spherical,7ziYRDBo5bsALpquQH9G2V,14.637170537023,120.96674959634,1024,1024,left,-89.62889694170292,-10.0,80.0,test
419152751092191,2048,1714897950000,spherical,vVgEJw7u63B0fCH1cNoRyI,14.600591884524,120.98056354178,1024,1024,left,244.98852859698,-10.0,80.0,test
2029654667196378,2048,1646628690299,fisheye,IrT8bXxMvOnPacC6Bp5jN1,14.631592001824,121.01019688624,3840,2160,,,,,test
392930499115435,2048,1629369572000,spherical,ID2LYytEnS98Pq1dpBZRc5,14.566425,120.98416944444,1024,1024,forward,0.0,-10.0,80.0,test
1051316713219373,2048,1714875087000,perspective,NT84ezj9EhrYZvAxRFXKJG,14.62209373812,121.02499724491,3840,2160,,,,,test
